Date,Count,Ids
2025-05-22 01:25:23.131785,10,1hkc2n5
2025-05-22 01:25:23.131785,10,1g6ihmb
2025-05-22 01:25:23.131785,10,1au30xg
2025-05-22 01:25:23.131785,10,1k3l0ee
2025-05-22 01:25:23.131785,10,1g83z8m
2025-05-22 01:25:23.131785,10,1kqq3f2
2025-05-22 01:25:23.131785,10,1k9p2z6
2025-05-22 01:25:23.131785,10,1k5id6n
2025-05-22 01:25:23.131785,10,1ixje2e
2025-05-22 01:25:23.131785,10,1j2j90u
2025-05-22 15:36:44.154868,10,1frirvi
2025-05-22 15:36:44.154868,10,1k9gy2z
2025-05-22 15:36:44.154868,10,1hai5mg
2025-05-22 15:36:44.154868,10,1gld65e
2025-05-22 15:36:44.154868,10,1je422x
2025-05-22 15:36:44.154868,10,1jjqiof
2025-05-22 15:36:44.154868,10,1996aa0
2025-05-22 15:36:44.154868,10,1fy9zrh
2025-05-22 15:36:44.154868,10,1k7sodf
2025-05-22 15:36:44.154868,10,1gkhy53
2025-05-23 07:20:13.857885,30,1k5kxxj
2025-05-23 07:20:13.857885,30,1j2luap
2025-05-23 07:20:13.857885,30,1i5bnxu
2025-05-23 07:20:13.857885,30,1kfv7lc
2025-05-23 07:20:13.857885,30,1ioryxe
2025-05-23 07:20:13.857885,30,1j2tl1w
2025-05-23 07:20:13.857885,30,1k26yfe
2025-05-23 07:20:13.857885,30,1j5vp49
2025-05-23 07:20:13.857885,30,1je80og
2025-05-23 07:20:13.857885,30,1k21ia5
2025-05-23 07:20:13.857885,30,1k9xij9
2025-05-23 07:20:13.857885,30,1c6erxm
2025-05-23 07:20:13.857885,30,1fdvnuv
2025-05-23 07:20:13.857885,30,1c3scjx
2025-05-23 07:20:13.857885,30,1hdvczo
2025-05-23 07:20:13.857885,30,1keja9i
2025-05-23 07:20:13.857885,30,1kgdmc5
2025-05-23 07:20:13.857885,30,1kessmu
2025-05-23 07:20:13.857885,30,1kk0q3z
2025-05-23 07:20:13.857885,30,1k9iqao
2025-05-23 07:20:13.857885,30,1kaht9d
2025-05-23 07:20:13.857885,30,1gu48eh
2025-05-23 07:20:13.857885,30,1fyub8t
2025-05-23 07:20:13.857885,30,1cfyhvw
2025-05-23 07:20:13.857885,30,1ks4cd9
2025-05-23 07:20:13.857885,30,1j6lfoj
2025-05-23 07:20:13.857885,30,1kfv0xn
2025-05-23 07:20:13.857885,30,1kfsq8i
2025-05-23 07:20:13.857885,30,1ajbfmk
2025-05-23 07:20:13.857885,30,17chdzl
2025-05-25 07:18:10.384669,1,1ktv10q
2025-05-27 07:20:58.513483,3,1kw7woa
2025-05-27 07:20:58.513483,3,1kvtw1b
2025-05-27 07:20:58.513483,3,1kvrrwk
2025-05-28 07:20:27.663474,1,1kwr7jc
2025-06-02 07:21:56.836876,2,1l0wumy
2025-06-02 07:21:56.836876,2,1l1b2ek
2025-06-10 01:20:21.658684,8,1l6zq5j
2025-06-10 01:20:21.658684,8,1l1zdb4
2025-06-10 01:20:21.658684,8,1l1icc5
2025-06-10 01:20:21.658684,8,1l233qi
2025-06-10 01:20:21.658684,8,1l4s4ow
2025-06-10 01:20:21.658684,8,1l1tqs9
2025-06-10 01:20:21.658684,8,1l6ttlw
2025-06-10 01:20:21.658684,8,1l78amr
2025-06-12 07:20:54.123660,1,1l8zgu1
2025-06-18 07:21:14.603871,1,1ldpo9e
2025-06-20 07:20:26.834777,1,176jr3y
2025-07-05 07:19:29.986339,1,1lrd2fm
2025-07-08 07:21:47.373222,1,1ludmcz
2025-07-12 07:20:22.544291,2,1lx34dk
2025-07-12 07:20:22.544291,2,1lxs7us
2025-07-16 07:23:31.800419,1,1m0ydus
2025-07-23 07:25:53.840044,1,1m6ubj6
2025-07-30 07:26:11.792857,1,1mcu05x
2025-08-02 07:20:19.131029,2,1mff73w
2025-08-02 07:20:19.131029,2,1mdrl12
2025-08-03 07:20:35.344439,1,1mg9yi8
2025-08-10 07:19:43.919187,1,1mm5lph
2025-08-20 07:20:18.085852,1,1mue33e
2025-08-25 07:21:18.618320,1,1myv0hd
2025-08-26 07:20:15.691956,1,1n0992a
2025-08-31 07:17:56.275893,1,1n4b7ut
2025-09-03 07:19:13.575046,1,1n71i9a
2025-09-06 07:16:28.444047,1,1n9s03x
2025-09-09 07:20:00.196551,5,1nbpiai
2025-09-09 07:20:00.196551,5,1nc4x2q
2025-09-09 07:20:00.196551,5,1nbo8f1
2025-09-09 07:20:00.196551,5,1nbm49a
2025-09-09 07:20:00.196551,5,1nc5uy4
2025-09-10 07:19:30.259583,1,1nc7ats
2025-09-16 07:19:50.955820,1,1nhxzcl
2025-09-17 07:19:03.005409,1,1nimbnb
2025-09-21 07:16:46.738720,1,1nm7s2f
2025-09-29 07:20:38.287594,1,1nslyv6
2025-10-01 07:20:35.100458,1,1nuobea
2025-10-02 07:18:44.435211,1,1nvhe4h
2025-10-06 07:20:25.314287,1,1nz4kxb
2025-10-07 07:19:46.422462,4,1nzz1u4
2025-10-07 07:19:46.422462,4,1nzn71x
2025-10-07 07:19:46.422462,4,1nzhoj2
2025-10-07 07:19:46.422462,4,1nzjf31
2025-10-09 07:20:09.029421,2,1o1inxk
2025-10-09 07:20:09.029421,2,1o1il7k
2025-10-10 07:19:40.821145,1,1o0tuz6
2025-10-13 07:21:04.991872,1,1o4zn7j
2025-10-14 07:20:54.874332,1,1o5mh2u
2025-10-15 07:21:11.915254,1,1o6xw2p
2025-10-16 07:21:01.921248,2,1o7f9m0
2025-10-16 07:21:01.921248,2,1o7az9x
2025-10-17 07:20:06.631087,3,1o8i3ma
2025-10-17 07:20:06.631087,3,1o8cfbc
2025-10-17 07:20:06.631087,3,1o8f99p
2025-10-18 07:17:37.210935,1,1o9lf12
2025-10-19 07:17:20.876279,2,1oa074t
2025-10-19 07:17:20.876279,2,1oaalg0
2025-10-20 07:21:07.040365,2,1ob28wv
2025-10-20 07:21:07.040365,2,1ob5l3b
2025-10-21 07:21:12.692740,5,1obvd5l
2025-10-21 07:21:12.692740,5,1obr571
2025-10-21 07:21:12.692740,5,1obqofn
2025-10-21 07:21:12.692740,5,1oc4tgq
2025-10-21 07:21:12.692740,5,1obn18p
2025-10-22 07:20:16.946625,1,1ocwi61
2025-10-23 07:20:53.201222,1,1odpui1
2025-10-26 07:17:52.944728,1,1o7pbg1
2025-10-27 07:20:17.372051,1,1ogtfrs
2025-10-29 07:20:25.151779,2,1oiiket
2025-10-29 07:20:25.151779,2,1oiitgs
2025-10-31 07:19:33.327141,2,1ok4o9l
2025-10-31 07:19:33.327141,2,1okfqge
2025-11-02 07:18:31.529692,1,1om3qbw
2025-11-04 07:21:02.502513,3,1onl69g
2025-11-04 07:21:02.502513,3,1onpyc9
2025-11-04 07:21:02.502513,3,1on28tg
2025-11-05 07:20:49.115960,1,1oo7tum
2025-11-10 07:20:22.970971,1,1osnhjv
2025-11-13 07:20:43.224620,1,1ov7fk7
2025-11-15 07:18:12.321637,1,1ox7p1d
2025-11-17 07:21:32.837670,1,1oz1tl9
2025-11-18 07:21:40.291807,1,1ozrzfk
2025-11-22 07:18:57.022399,1,1p2zo5i
2025-11-25 07:21:18.147489,4,1p5me9k
2025-11-25 07:21:18.147489,4,1p5gnrp
2025-11-25 07:21:18.147489,4,1p627h9
2025-11-25 07:21:18.147489,4,1p5mepk
2025-11-26 07:20:48.624145,2,1p6e1t0
2025-11-26 07:20:48.624145,2,1p6jpa6
2025-11-27 07:22:22.385771,1,1p7n6xu
2025-11-28 07:21:31.789777,2,1p8ct7w
2025-11-28 07:21:31.789777,2,1p8cuve
2025-12-02 07:23:22.944423,3,1pbmjqu
2025-12-02 07:23:22.944423,3,1pboszk
2025-12-02 07:23:22.944423,3,1pbvvuf
2025-12-03 07:23:15.648730,2,1pclmwg
2025-12-03 07:23:15.648730,2,1pc5t0v
2025-12-04 07:22:47.821267,1,1pdka6u
2025-12-09 07:23:36.373447,3,1phrbhl
2025-12-09 07:23:36.373447,3,1phx00s
2025-12-09 07:23:36.373447,3,1phucyh
2025-12-10 07:24:21.162906,3,1pidpgn
2025-12-10 07:24:21.162906,3,1pi7b4y
2025-12-10 07:24:21.162906,3,1picv1k
2025-12-12 07:24:55.237971,2,1pkgbhr
2025-12-12 07:24:55.237971,2,1pkgb1a
2025-12-14 07:20:19.700732,1,1plpjhe
2025-12-15 07:26:23.578151,1,1pmryqk
2025-12-16 07:25:11.136265,3,1pn682b
2025-12-16 07:25:11.136265,3,1pn68de
2025-12-16 07:25:11.136265,3,1pnkhhd
2025-12-19 07:23:51.633823,2,1ppp54i
2025-12-19 07:23:51.633823,2,1ppoz7c
2025-12-21 07:21:11.099556,1,1prmtk1
2025-12-25 07:23:46.941345,1,1pu7zjr
2025-12-26 07:23:56.381734,1,1pvop7v
2026-01-08 07:26:43.325546,1,1q73i11
